Broomstick,BRSTK,broom.jpg
Portions,PORT,portions.jpg
Broomstick,BRSTK,broom.jpg
Portions,PORT,portions.jpg
Broomstick,BRSTK,broom.jpg
Portions,PORT,portions.jpg
Broomstick,BRSTK,broom.jpg
Portions,PORT,portions.jpg
Broomstick,BRSTK,broom.jpg
Portions,PORT,portions.jpg
Broomstick,BRSTK,broom.jpg
Portions,PORT,portions.jpg
Broomstick,BRSTK,broom.jpg
Portions,PORT,portions.jpg
Broomstick,BRSTK,broom.jpg
Portions,PORT,portions.jpg
Broomstick,BRSTK,broom.jpg
Portions,PORT,portions.jpg
Broomstick,BRSTK,broom.jpg
Portions,PORT,portions.jpg